{
  "embed_query": {
    "p50": 53.14600467681885,
    "p95": 1557.4545383453342,
    "mean": 323.60453605651855
  },
  "qdrant_search": {
    "p50": 114.58289623260498,
    "p95": 263.53673934936523,
    "mean": 148.46112728118896
  },
  "bm25_score": {
    "p50": 81.40444755554199,
    "p95": 97.26735353469849,
    "mean": 74.30224418640137
  },
  "rrf_merge": {
    "p50": 0.0985860824584961,
    "p95": 0.15119314193725583,
    "mean": 0.10857582092285156
  },
  "rerank": {
    "p50": 545.7134246826172,
    "p95": 2065.7475829124437,
    "mean": 829.6930551528931
  }
}